tipo,original,corrigido,observacao
profissão,2o Sargento Da Aeronautica,2º Sargento da Aeronáutica,
profissão,"Advogado Criminalista Data e Local Da Morte/Desaparecimento: 21/8/1973, Brasilia (Df)",Advogado Criminalista,o campo incluía por engano 'Data e local da morte'; mantida só a profissão
profissão,Advogado e Bancario,Advogado e Bancário,
profissão,"Advogado, Capitao Da Forca Publica Do Estado De Sao Paulo (Atual Policia Militar), Fotografo, Jornalista e Professor",Advogado e Capitão da Força Pública,encurtado
profissão,Analista De Sistemas,Analista de Sistemas,
profissão,"Artesao, Campones, Professor","Artesão, Camponês, Professor",
profissão,Bancaria,Bancária,
profissão,Bancaria e Estudante,Bancária e Estudante,
profissão,Bancaria e Estudante Secundarista,Bancária e Estudante Secundarista,
profissão,Bancario,Bancário,
profissão,Bancario e Carpinteiro,Bancário e Carpinteiro,
profissão,Bancario e Comerciante,Bancário e Comerciante,
profissão,Bancario e Operario,Bancário e Operário,
profissão,Bancario e Professor,Bancário e Professor,
profissão,"Barqueiro, Comerciante e Trabalhador Rural",Barqueiro e Trabalhador Rural,encurtado
profissão,Cabo Da Marinha (Ex-Militar),Cabo da Marinha (Ex-Militar),
profissão,Campones,Camponês,
profissão,Campones e Deputado Estadual,Camponês e Deputado Estadual,
profissão,Campones e Sapateiro,Camponês e Sapateiro,
profissão,"Campones, Comerciario, Pedreiro","Camponês, Comerciário, Pedreiro",
profissão,"Campones, Dirigente Sindical, Jornalista","Camponês, Dirigente Sindical, Jornalista",
profissão,"Campones, Sindicalista","Camponês, Sindicalista",
profissão,"Carpinteiro Naval, Agente Pastoral e Sindicalista",Carpinteiro Naval e Sindicalista,encurtado
profissão,Comerciaria,Comerciária,
profissão,Comerciario,Comerciário,
profissão,Coronel Da Forca Publica Do Estado De Sao Paulo,Coronel da Força Pública,encurtado
profissão,Corretor De Imoveis,Corretor de Imóveis,
profissão,Corretor De Seguros; Vendedor De Carros; Tipografo,Corretor de Seguros e Tipógrafo,encurtado
profissão,Dancarina Folclorica,Dançarina Folclórica,
profissão,Datilografo e Apontador,Datilógrafo e Apontador,
profissão,Deputado Constituinte De 1946,Deputado Constituinte de 1946,
profissão,Desenhista Mecanico,Desenhista Mecânico,
profissão,"Diretor Da Divisao De Materiais, Ministerio Da Justica",Diretor no Ministério da Justiça,encurtado
profissão,Dona De Casa,Dona de Casa,
profissão,Empregada Domestica,Empregada Doméstica,
profissão,Engenheiro Eletrotecnico,Engenheiro Eletrotécnico,
profissão,Escriturario,Escriturário,
profissão,Estudante Atuacao Politica: Movimento De Libertacao Popular (Molipo),Estudante,o campo incluía por engano 'Atuação política'; mantida só a profissão
profissão,Estudante De Arquitetura,Estudante de Arquitetura,
profissão,Estudante De Quimica,Estudante de Química,
profissão,Estudante Do Curso De Tecnico Em Edificacoes,Estudante de Técnico em Edificações,encurtado
profissão,Estudante Do Ensino Superior,Estudante do Ensino Superior,
profissão,Estudante e Bancario,Estudante e Bancário,
profissão,Estudante e Comerciario,Estudante e Comerciário,
profissão,Estudante e Operario,Estudante e Operário,
profissão,Estudante e Tipografo,Estudante e Tipógrafo,
profissão,Estudante Universitaria,Estudante Universitária,
profissão,Estudante Universitario,Estudante Universitário,
profissão,Estudante Universitario e Funcionario Publico,Estudante e Funcionário Público,encurtado
profissão,"Estudante Universitario, Escritor e Dramaturgo","Estudante, Escritor e Dramaturgo",encurtado
profissão,"Estudante, Lavador De Carro e Servente De Pedreiro",Estudante e Servente de Pedreiro,encurtado
profissão,Estudante/Bancario,Estudante/Bancário,
profissão,Estudante/Secretaria,Estudante/Secretária,
profissão,"Ex-Militar, Corretor De Imoveis, Operador De Bolsa De Valores",Ex-Militar e Corretor de Imóveis,encurtado
profissão,Ex-Sargento Do Exercito,Ex-Sargento do Exército,
profissão,Farmaceutico,Farmacêutico,
profissão,Ferroviario,Ferroviário,
profissão,"Fisico, Professor Universitario","Físico, Professor Universitário",
profissão,Fotografo/Cinegrafista,Fotógrafo/Cinegrafista,
profissão,Frei Da Igreja Catolica,Frei da Igreja Católica,
profissão,Funcionario Aposentado Da Prefeitura De Sao Paulo,Funcionário Público Aposentado,encurtado
profissão,"Funcionario Do Frigorifico Pedro Hermanos Na Argentina Data e Local Do Desaparecimento: 21/11/1973, Rio De Janeiro (Gb)",Funcionário de Frigorífico,o campo incluía por engano 'Data e local do desaparecimento'; encurtado
profissão,Funcionario Publico,Funcionário Público,
profissão,Geologa,Geóloga,
profissão,Geologo,Geólogo,
profissão,Gerente De Jornal e Contador,Gerente de Jornal e Contador,
profissão,Grafico e Jornalista,Gráfico e Jornalista,
profissão,Industriaria,Industriária,
profissão,Jornalista e Sociologo,Jornalista e Sociólogo,
profissão,"Jornalista, Ator e Administrador Publico","Jornalista, Ator e Administrador Público",
profissão,"Jornalista, Dirigente Do Partido Comunista Brasileiro Revolucionario (Pcbr)",Jornalista e Dirigente do PCBR,encurtado
profissão,"Jornalista, Ensaista, Escritor","Jornalista, Ensaísta, Escritor",
profissão,Major Do Exercito,Major do Exército,
profissão,Maritimo,Marítimo,
profissão,Mecanico,Mecânico,
profissão,Mecanico De Montadora De Automoveis; Delegado Sindical,Mecânico e Delegado Sindical,encurtado
profissão,Medica Atuacao Politica: Movimento Revolucionario 8 De Outubro (Mr-8),Médica,o campo incluía por engano 'Atuação política'; mantida só a profissão
profissão,Medico,Médico,
profissão,Metalurgico,Metalúrgico,
profissão,Metalurgico e Comerciante,Metalúrgico e Comerciante,
profissão,Metalurgico e Jornalista,Metalúrgico e Jornalista,
profissão,"Metalurgico, Vereador e Deputado Estadual",Metalúrgico e Deputado Estadual,encurtado
profissão,"Militar, Ex-Vice-Prefeito De Natal (Rn) e Comerciante",Militar e Ex-Vice-Prefeito de Natal,encurtado
profissão,"Motorista, Torneiro Mecanico","Motorista, Torneiro Mecânico",
profissão,Musico,Músico,
profissão,Nao Consta,Não Consta,
profissão,Nao Se Aplica,Não Se Aplica,
profissão,"Operador De Maquinas, Lider Sindical","Operador de Máquinas, Líder Sindical",
profissão,Operaria,Operária,
profissão,Operaria Metalurgica,Operária Metalúrgica,
profissão,Operario,Operário,
profissão,Operario Da Construcao Civil,Operário da Construção Civil,
profissão,Operario Do Setor Quimico,Operário do Setor Químico,
profissão,Operario e Fotografo,Operário e Fotógrafo,
profissão,Operario e Jornalista,Operário e Jornalista,
profissão,Operario e Sociologo,Operário e Sociólogo,
profissão,Operario Grafico,Operário Gráfico,
profissão,Operario Metalurgico,Operário Metalúrgico,
profissão,Operario Metalurgico e Sindicalista,Operário Metalúrgico e Sindicalista,
profissão,"Operario Naval, Ferreiro e Jornalista","Operário Naval, Ferreiro e Jornalista",
profissão,"Operario, Campones","Operário, Camponês",
profissão,"Policial Militar, Bancario, Funcionario Publico",Policial Militar e Bancário,encurtado
profissão,Procurador Da Bolsa De Valores,Procurador da Bolsa de Valores,
profissão,Professor De Educacao Fisica,Professor de Educação Física,
profissão,Professor De Frances,Professor de Francês,
profissão,"Professor De Geografia, Corretor No Mercado Financeiro",Professor e Corretor Financeiro,encurtado
profissão,Professor e Funcionario Publico,Professor e Funcionário Público,
profissão,"Professora De Teatro, Dramaturga","Professora de Teatro, Dramaturga",
profissão,Professora Universitaria,Professora Universitária,
profissão,"Professora, Fotografa e Estudante Universitaria","Professora, Fotógrafa e Estudante",encurtado
profissão,"Professora, Universitaria","Professora, Universitária",
profissão,Psicologa,Psicóloga,
profissão,Psicologa e Professora Universitaria,Psicóloga e Professora Universitária,
profissão,Sargento Da Marinha,Sargento da Marinha,
profissão,Secretaria Da Ordem Dos Advogados Do Brasil (Oab),Secretária da OAB,encurtado
profissão,Segundo Sargento Do Exercito Reformado,Segundo Sargento do Exército Reformado,
profissão,Sem Informacoes,Sem Informações,
profissão,Servidor Publico,Servidor Público,
profissão,Sindicalista e Grafico,Sindicalista e Gráfico,
profissão,Sociologo,Sociólogo,
profissão,Sociologo e Professor,Sociólogo e Professor,
profissão,Soldado Do Exercito,Soldado do Exército,
profissão,Tabeliao e Jornalista,Tabelião e Jornalista,
profissão,Tecnico Em Eletronica,Técnico em Eletrônica,
profissão,Tecnico Em Laticinios,Técnico em Laticínios,
profissão,Tecnico Em Telefonia,Técnico em Telefonia,
profissão,Tenente Da Reserva Da Policia Militar Do Estado De Sao Paulo,Tenente da Reserva da Polícia Militar,encurtado
profissão,Trabalhador Torneiro-Mecanico,Trabalhador Torneiro-Mecânico,
profissão,"Trabalhadora Rural, Rendeira e Lider Sindical",Trabalhadora Rural e Líder Sindical,encurtado
profissão,"Universitario, Escriturario","Universitário, Escriturário",
profissão,"Vereador, Gerente De Transportadora De Cargas",Vereador e Gerente de Transportadora,encurtado
profissão,Veterinario,Veterinário,
local,"Agua Preta, distrito de Palmares, PE","Água Preta, distrito de Palmares, PE",
local,"Aimores, MG","Aimorés, MG",
local,"Alem Paraiba, MG","Além Paraíba, MG",
local,"Antonio Dias, MG","Antônio Dias, MG",
local,"Aquidaba, SE","Aquidabã, SE",
local,"Araxa, MG","Araxá, MG",
local,"Arrecifes, provincia de Buenos Aires, Argentina","Arrecifes, Buenos Aires, Argentina",encurtado
local,"Avare, SP","Avaré, SP",
local,"Beira Rio - Nova Venecia, ES","Beira Rio - Nova Venécia, ES",
local,"Belem, PA","Belém, PA",
local,"Belo Horizonte, ES","Belo Horizonte, ES",Belo Horizonte fica em MG; talvez erro de estado
local,"Bertulina, PI","Bertulina, PI","não achei essa cidade; talvez Bertolínia, PI"
local,"Braco Grande do Norte, SC","Braço Grande do Norte, SC","não achei essa cidade; talvez Braço do Norte, SC"
local,"Braganca, PA","Bragança, PA",
local,"Braunas, MG","Braúnas, MG",
local,"Brotas de Macauba, BA","Brotas de Macaúbas, BA",a cidade se chama Brotas de Macaúbas
local,"Brotas de Macaubas, BA","Brotas de Macaúbas, BA",
local,"Cabralia Paulista, SP","Cabrália Paulista, SP",
local,"Caceres, MT","Cáceres, MT",
local,"Caico, RN","Caicó, RN",
local,"Caninde, CE","Canindé, CE",
local,"Catalao, GO","Catalão, GO",
local,"Cerqueira Cesar, SP","Cerqueira César, SP",
local,"cidade de Sao Paulo, SP","cidade de São Paulo, SP",
local,"Cordoba, Argentina","Córdoba, Argentina",
local,"Dom Silverio, MG","Dom Silvério, MG",
local,"em Marilia, SP","em Marília, SP",
local,"em Sao Sepe, RS","em São Sepé, RS",
local,"Espirito Santo, PB","Espírito Santo, PB",
local,"Estancia, SE","Estância, SE",
local,"Florianopolis, SC","Florianópolis, SC",
local,"Formigueiro, Sao Sepe, RS","Formigueiro, São Sepé, RS",
local,"Gourgeon, Haute-Saone, Franca","Gourgeon, Haute-Saône, França",
local,"Guaicara, SP","Guaiçara, SP",
local,"Guanhaes, MG","Guanhães, MG",
local,"Ilheus, BA","Ilhéus, BA",
local,"Irituia-Guama, PA","Irituia-Guamá, PA",
local,"Itaberai, GO","Itaberaí, GO",
local,"Itaguassu, BA","Itaguassu, BA","talvez Itaguaçu da Bahia, BA"
local,"Januaca, AM","Januaca, AM","não achei essa cidade; talvez Janauacá (Manaquiri, AM)"
local,"Joacaba, SC","Joaçaba, SC",
local,"Joao Pessoa, PB","João Pessoa, PB",
local,"Jucupiranga, SP","Jucupiranga, SP","não achei essa cidade; talvez Jacupiranga, SP"
local,"La Paz, Bolivia","La Paz, Bolívia",
local,"Luis Correia, PI","Luís Correia, PI",
local,"Maceio, AL","Maceió, AL",
local,"Maraba, PA","Marabá, PA",
local,"Mirandopolis, SP","Mirandópolis, SP",
local,"Montevideu, Uruguai","Montevidéu, Uruguai",
local,"Mucuge, BA","Mucugê, BA",
local,"Muriae, MG","Muriaé, MG",
local,"Nazare, BA","Nazaré, BA",
local,"Niteroi, RJ","Niterói, RJ",
local,"Nogoya, Argentina","Nogoyá, Argentina",
local,"Nova Venecia, ES","Nova Venécia, ES",
local,"Obidos, PA","Óbidos, PA",
local,"Osijek, Iugoslavia","Osijek, Iugoslávia",
local,"Paraguacu Paulista, SP","Paraguaçu Paulista, SP",
local,"Pinhui, MG","Pinhui, MG","não achei essa cidade; talvez Piumhi, MG"
local,"Pirajui, SP","Pirajuí, SP",
local,"Pocoes, BA","Poções, BA",
local,"Porto Uniao, SC","Porto União, SC",
local,"Praga, Tchecoslovaquia","Praga, Tchecoslováquia",
local,"Regente Feijo, SP","Regente Feijó, SP",
local,"Ribeirao Preto, SP","Ribeirão Preto, SP",
local,"Riviera, Uruguai","Riviera, Uruguai","talvez Rivera, Uruguai (há outra vítima de Rivera)"
local,"San Lucido, Cosenza, Italia","San Lucido, Cosenza, Itália",
local,"Santiago do Boqueirao, RS","Santiago do Boqueirão, RS",
local,"Santo Antonio da Patrulha, RS","Santo Antônio da Patrulha, RS",
local,"Sao Bento do Norte, RN","São Bento do Norte, RN",
local,"Sao Borja, RS","São Borja, RS",
local,"Sao Carlos, SP","São Carlos, SP",
local,"Sao Goncalo, RJ","São Gonçalo, RJ",
local,"Sao Joao do Sabugi, RN","São João do Sabugi, RN",
local,"Sao Jose de Mipibu, RN","São José de Mipibu, RN",
local,"Sao Leopoldo, RS","São Leopoldo, RS",
local,"Sao Lourenco da Mata, PE","São Lourenço da Mata, PE",
local,"Sao Luis, MA","São Luís, MA",
local,"Sao Paulo, SP","São Paulo, SP",
local,"Sao Pedro do Sul, RS","São Pedro do Sul, RS",
local,"Sape, PB","Sapé, PB",
local,"Sento Se, BA","Sento Sé, BA",
local,"Sertanopolis, PR","Sertanópolis, PR",
local,"Siria, NA","Síria, NA",
local,"Sitio Novo, Santa Cruz, RN","Sítio Novo, Santa Cruz, RN",
local,"Sume, PB","Sumé, PB",
local,"Teofilo Otoni, MG","Teófilo Otoni, MG",
local,"Timbauba dos Mocos, PE","Timbaúba dos Mocós, PE",conferir: Timbaúba dos Mocós
local,"Timbo, SC","Timbó, SC",
local,"Tres Coracoes, MG","Três Corações, MG",
local,"Tres Passos, RS","Três Passos, RS",
local,"Tubarao, SC","Tubarão, SC",
local,"Uberlandia, MG","Uberlândia, MG",
local,"Vedia, Provincia de Buenos Aires, Argentina","Vedia, Buenos Aires, Argentina",encurtado
local,"Verona, Italia","Verona, Itália",
local,"Viamao, RS","Viamão, RS",
local,"Vila Timoteo, municipio de Antonio Dias, MG","Vila Timóteo, Antônio Dias, MG",encurtado
local,"Vitoria da Conquista, BA","Vitória da Conquista, BA",
